{
  "mAP@50": 0.680491107035848,
  "mAP@50-95": 0.5255163671143832,
  "per_class_mAP": {
    "_background_": 0.5255163671143832,
    "back_bumper": 0.7881604464012424,
    "back_glass": 0.6348344864606191,
    "back_left_door": 0.4377488823673432,
    "back_left_light": 0.35935638554996835,
    "back_right_door": 0.36227335371138913,
    "back_right_light": 0.44093320734996644,
    "front_bumper": 0.830071890957041,
    "front_glass": 0.860688168115624,
    "front_left_door": 0.4618881338481417,
    "front_left_light": 0.3515326286646314,
    "front_right_door": 0.4222726307155173,
    "front_right_light": 0.384105807977918,
    "hood": 0.7665134348166167,
    "left_mirror": 0.33347806662150775,
    "right_mirror": 0.3700077834943338,
    "tailgate": 0.71995144950874,
    "trunk": 0.5889704580626196,
    "wheel": 0.3465073934356763
  }
}